               epoch,      train/box_loss,      train/obj_loss,      train/cls_loss,   metrics/precision,      metrics/recall,     metrics/mAP_0.5,metrics/mAP_0.5:0.95,        val/box_loss,        val/obj_loss,        val/cls_loss,               x/lr0,               x/lr1,               x/lr2
                   0,            0.058326,            0.022258,           0.0061912,             0.51279,              0.2537,             0.32735,             0.11458,            0.060353,             0.05853,           0.0060188,            0.070049,           0.0033279,           0.0033279
                   1,            0.051448,            0.019023,           0.0071492,                   0,                   0,                   0,                   0,             0.11699,              8.4815,             0.27237,            0.040043,           0.0066552,           0.0066552
                   2,            0.063165,            0.025122,           0.0066041,             0.12372,             0.47051,             0.17125,            0.050768,            0.064973,            0.083037,            0.003572,            0.010031,           0.0099765,           0.0099765
                   3,            0.054101,            0.020033,           0.0022598,              0.8531,             0.21086,             0.35639,             0.12628,            0.068736,            0.051754,            0.017064,            0.009973,            0.009973,            0.009973
                   4,            0.048711,            0.018776,            0.002291,             0.78172,             0.12798,             0.18304,            0.064536,            0.074766,            0.039684,            0.029552,            0.009973,            0.009973,            0.009973
                   5,            0.049987,            0.019759,             0.00225,             0.75294,             0.57579,             0.65184,               0.238,            0.052936,             0.03059,           0.0012631,            0.009964,            0.009964,            0.009964
                   6,            0.044719,             0.01714,            0.001571,             0.53558,             0.52475,             0.60245,             0.20671,            0.049043,            0.035063,           0.0012764,            0.009955,            0.009955,            0.009955
                   7,            0.041107,             0.01672,           0.0015167,             0.78191,             0.74473,             0.78285,             0.34283,             0.04658,            0.026892,           0.0010809,            0.009946,            0.009946,            0.009946
                   8,            0.040636,            0.015937,           0.0011958,             0.68799,             0.69233,             0.74686,             0.31236,            0.048381,            0.035232,           0.0025856,            0.009937,            0.009937,            0.009937
                   9,            0.038944,            0.015693,           0.0012216,              0.7762,             0.74055,              0.7948,             0.35349,            0.044166,            0.029091,          0.00083829,            0.009928,            0.009928,            0.009928
                  10,            0.037318,            0.015227,           0.0012744,             0.83044,             0.71099,             0.79392,             0.36727,            0.042683,            0.024842,          0.00079621,            0.009919,            0.009919,            0.009919
                  11,             0.03629,            0.015066,           0.0012995,             0.81198,             0.76308,             0.83367,             0.36845,            0.045459,            0.024194,           0.0006528,             0.00991,             0.00991,             0.00991
                  12,            0.036687,            0.015081,           0.0012191,             0.80244,              0.8541,              0.8593,             0.40057,              0.0407,            0.023972,          0.00099631,            0.009901,            0.009901,            0.009901
                  13,            0.035543,            0.015019,           0.0013997,             0.81873,             0.67276,             0.76739,             0.45619,            0.038051,              0.0245,           0.0013434,            0.009892,            0.009892,            0.009892
                  14,            0.034951,            0.014896,           0.0011337,             0.75487,             0.84531,             0.77632,             0.39917,            0.039672,            0.023317,          0.00060139,            0.009883,            0.009883,            0.009883
                  15,            0.034489,            0.014651,           0.0011103,             0.78963,             0.79104,             0.86143,             0.46132,            0.036772,            0.027372,           0.0017099,            0.009874,            0.009874,            0.009874
                  16,            0.033035,            0.014177,           0.0011442,             0.79498,             0.76813,             0.86845,             0.47244,            0.036383,            0.024526,          0.00052569,            0.009865,            0.009865,            0.009865
                  17,            0.032679,            0.014306,           0.0012269,             0.79738,             0.79195,             0.92158,             0.50013,            0.036344,            0.024675,            0.001258,            0.009856,            0.009856,            0.009856
                  18,            0.032525,            0.014274,           0.0011127,             0.81214,             0.85308,             0.86211,              0.4706,            0.035889,            0.021252,          0.00055832,            0.009847,            0.009847,            0.009847
                  19,            0.033223,            0.014177,           0.0014434,             0.79813,             0.84009,              0.8391,             0.46758,            0.035912,             0.02539,          0.00084282,            0.009838,            0.009838,            0.009838
                  20,            0.032133,            0.014197,           0.0010387,             0.93468,             0.81021,             0.91278,             0.48446,            0.037319,            0.021332,          0.00045515,            0.009829,            0.009829,            0.009829
                  21,            0.030132,            0.013852,           0.0010145,             0.86466,             0.85824,             0.91774,             0.50702,            0.035666,             0.02024,          0.00068593,             0.00982,             0.00982,             0.00982
                  22,            0.031468,            0.013599,          0.00099467,             0.95196,             0.89925,             0.95581,              0.4894,             0.03372,            0.021511,          0.00043185,            0.009811,            0.009811,            0.009811
                  23,            0.031807,            0.013936,           0.0010389,             0.92485,             0.91862,             0.92988,             0.50245,            0.033583,            0.021429,          0.00072168,            0.009802,            0.009802,            0.009802
                  24,            0.031373,            0.013714,           0.0010176,             0.87149,              0.8486,             0.89166,             0.47814,            0.036498,            0.020655,          0.00052388,            0.009793,            0.009793,            0.009793
                  25,            0.031036,            0.013413,          0.00098352,             0.90238,             0.79999,             0.86996,             0.47577,            0.033441,            0.021102,           0.0006339,            0.009784,            0.009784,            0.009784
                  26,            0.029663,            0.013442,          0.00090163,             0.82467,             0.86886,             0.88096,             0.53687,            0.032717,            0.020427,          0.00055835,            0.009775,            0.009775,            0.009775
                  27,            0.029277,            0.013272,          0.00084304,             0.89506,             0.92642,             0.95129,             0.51999,            0.032972,            0.019895,          0.00029283,            0.009766,            0.009766,            0.009766
                  28,            0.029842,              0.0133,           0.0010048,             0.86856,             0.91274,             0.93712,              0.4952,            0.033931,            0.018786,          0.00042084,            0.009757,            0.009757,            0.009757
                  29,            0.030402,            0.013351,           0.0010593,             0.73588,             0.70692,             0.73488,              0.3426,             0.04753,            0.029266,           0.0023605,            0.009748,            0.009748,            0.009748
                  30,            0.029661,            0.013517,          0.00094349,             0.89039,             0.92852,             0.88852,             0.51073,            0.031921,            0.019567,          0.00042405,            0.009739,            0.009739,            0.009739
                  31,            0.028747,            0.012966,          0.00088989,             0.87999,             0.88202,             0.94199,             0.53036,            0.033685,            0.018829,          0.00040316,             0.00973,             0.00973,             0.00973
                  32,            0.028466,            0.013041,          0.00094058,             0.94761,              0.9296,             0.95477,             0.52862,             0.03347,            0.018585,          0.00041207,            0.009721,            0.009721,            0.009721
                  33,            0.029419,            0.013305,          0.00093471,             0.91943,             0.90389,             0.93651,             0.57702,            0.029338,            0.018925,          0.00034793,            0.009712,            0.009712,            0.009712
                  34,            0.028726,            0.013253,          0.00097287,             0.87299,             0.91086,             0.94848,             0.54012,             0.03321,            0.019921,           0.0007887,            0.009703,            0.009703,            0.009703
                  35,            0.029292,            0.012975,           0.0008508,             0.46447,             0.91193,             0.50927,             0.23572,            0.032574,            0.087659,           0.0009041,            0.009694,            0.009694,            0.009694
                  36,            0.028922,            0.012913,          0.00089867,             0.89892,             0.88573,             0.93765,             0.54998,            0.031591,            0.018512,          0.00046051,            0.009685,            0.009685,            0.009685
                  37,            0.027942,            0.012805,          0.00093663,             0.93932,              0.8482,             0.93965,             0.56488,            0.029452,            0.018479,          0.00027123,            0.009676,            0.009676,            0.009676
                  38,            0.028754,            0.013011,          0.00086348,             0.94667,             0.95132,             0.96837,             0.57316,            0.028658,            0.018058,          0.00050836,            0.009667,            0.009667,            0.009667
                  39,            0.028118,            0.012936,          0.00083176,             0.96679,             0.88802,             0.95031,             0.58185,            0.028977,            0.018902,          0.00047692,            0.009658,            0.009658,            0.009658
                  40,            0.027053,            0.012635,          0.00091688,             0.90963,             0.91998,             0.95537,             0.55139,            0.031819,            0.019802,          0.00057893,            0.009649,            0.009649,            0.009649
                  41,            0.027544,            0.012681,          0.00093664,              0.9151,             0.86481,             0.93396,             0.56238,            0.031041,            0.018789,          0.00076139,             0.00964,             0.00964,             0.00964
                  42,            0.028493,            0.012914,          0.00090896,             0.91393,              0.9035,             0.95106,             0.55832,             0.03009,            0.019357,          0.00041615,            0.009631,            0.009631,            0.009631
                  43,            0.027861,            0.012868,          0.00081622,             0.91815,             0.88208,             0.91047,              0.5455,            0.029834,            0.019037,          0.00064364,            0.009622,            0.009622,            0.009622
                  44,            0.026843,            0.012494,          0.00075961,             0.88759,              0.9315,             0.93467,              0.5841,            0.029047,            0.017619,          0.00051492,            0.009613,            0.009613,            0.009613
                  45,            0.027042,            0.012305,          0.00083236,              0.8996,             0.93227,             0.94777,             0.61103,            0.027792,            0.019012,          0.00041547,            0.009604,            0.009604,            0.009604
                  46,            0.027155,            0.012344,          0.00090206,             0.93947,             0.93913,             0.94555,             0.56837,            0.028026,            0.017398,          0.00029346,            0.009595,            0.009595,            0.009595
                  47,            0.026443,            0.012237,          0.00089037,             0.92912,             0.87136,             0.95929,             0.54841,            0.030547,            0.017311,          0.00078298,            0.009586,            0.009586,            0.009586
                  48,            0.026449,             0.01226,          0.00080009,             0.93214,             0.91601,             0.95961,             0.59338,            0.026502,            0.017923,          0.00062675,            0.009577,            0.009577,            0.009577
                  49,             0.02644,            0.012263,          0.00082184,             0.87249,              0.9292,             0.93071,               0.537,            0.031512,            0.017872,          0.00035525,            0.009568,            0.009568,            0.009568
                  50,            0.027375,            0.012538,          0.00092439,             0.89136,             0.94444,             0.94459,             0.55457,            0.031618,            0.017217,          0.00044184,            0.009559,            0.009559,            0.009559
                  51,            0.029589,            0.013292,           0.0021302,               0.882,             0.81982,             0.86324,              0.5067,            0.032539,            0.019971,           0.0019096,             0.00955,             0.00955,             0.00955
                  52,            0.028439,             0.01321,           0.0009979,              0.9226,             0.84416,             0.93167,             0.57211,            0.029833,            0.018438,          0.00061769,            0.009541,            0.009541,            0.009541
                  53,            0.027509,            0.012538,          0.00089447,             0.61473,             0.85682,              0.6556,             0.38751,              0.0507,            0.018878,            0.030142,            0.009532,            0.009532,            0.009532
                  54,            0.026311,            0.012238,          0.00083528,             0.94631,             0.94161,             0.96335,             0.56542,            0.029387,            0.017667,          0.00038304,            0.009523,            0.009523,            0.009523
                  55,            0.025988,            0.012081,          0.00073814,             0.93709,             0.85554,               0.931,             0.60281,            0.026929,            0.018645,          0.00048828,            0.009514,            0.009514,            0.009514
                  56,             0.02553,            0.011865,           0.0008015,             0.94114,             0.88201,             0.95775,             0.61379,            0.026971,            0.017319,          0.00051824,            0.009505,            0.009505,            0.009505
                  57,            0.025632,            0.011994,            0.000765,              0.9521,             0.92903,             0.94143,             0.60039,            0.026755,            0.017263,          0.00065421,            0.009496,            0.009496,            0.009496
                  58,            0.026694,            0.012086,          0.00082981,             0.95591,             0.87135,             0.94963,             0.59616,            0.028397,            0.018354,          0.00038403,            0.009487,            0.009487,            0.009487
                  59,            0.025857,            0.011939,           0.0007167,             0.93842,             0.92333,             0.93686,             0.59083,            0.027783,            0.017448,          0.00039313,            0.009478,            0.009478,            0.009478
                  60,            0.025654,            0.011944,          0.00071419,             0.92977,             0.92482,             0.95577,             0.60159,            0.027328,            0.016934,          0.00054031,            0.009469,            0.009469,            0.009469
                  61,            0.025318,            0.011796,          0.00087652,             0.92185,             0.94437,             0.95483,             0.61981,            0.027285,              0.0162,          0.00048946,             0.00946,             0.00946,             0.00946
                  62,            0.025781,            0.011909,          0.00081336,              0.9346,             0.91288,             0.93837,             0.61448,             0.02554,            0.016712,          0.00058817,            0.009451,            0.009451,            0.009451
                  63,            0.025226,            0.011821,          0.00076473,             0.90986,             0.92681,             0.92769,             0.63603,            0.025722,            0.016635,          0.00039958,            0.009442,            0.009442,            0.009442
                  64,            0.025732,            0.011856,          0.00080545,             0.80461,             0.85961,             0.96467,             0.59469,            0.028061,            0.020211,          0.00080458,            0.009433,            0.009433,            0.009433
                  65,             0.02597,            0.012203,           0.0007783,              0.8786,             0.94993,              0.9406,                0.58,            0.028916,            0.017891,          0.00040519,            0.009424,            0.009424,            0.009424
                  66,            0.025435,            0.011733,          0.00074144,             0.93539,             0.93658,             0.96318,             0.62962,            0.027112,             0.01701,          0.00046009,            0.009415,            0.009415,            0.009415
                  67,            0.025021,            0.011623,          0.00082487,             0.94237,             0.94433,             0.96842,             0.61413,            0.025612,            0.016889,          0.00036423,            0.009406,            0.009406,            0.009406
                  68,            0.025103,            0.011655,          0.00075928,             0.90695,             0.90774,             0.93888,             0.60548,            0.028949,             0.01644,           0.0004196,            0.009397,            0.009397,            0.009397
                  69,            0.024635,             0.01158,          0.00078695,             0.96758,             0.96119,             0.98467,             0.63479,             0.02587,            0.016026,          0.00041219,            0.009388,            0.009388,            0.009388
                  70,             0.02424,            0.011268,          0.00065412,             0.95196,             0.94391,             0.96238,             0.62502,             0.02567,            0.015274,          0.00051307,            0.009379,            0.009379,            0.009379
                  71,            0.024856,            0.011411,           0.0007953,             0.95905,             0.92582,             0.95408,             0.64041,            0.024359,            0.015975,           0.0003467,             0.00937,             0.00937,             0.00937
                  72,            0.024778,            0.011313,          0.00073074,              0.9769,             0.95093,             0.98097,             0.63276,            0.024576,            0.015876,          0.00051015,            0.009361,            0.009361,            0.009361
                  73,            0.024748,             0.01132,          0.00079953,             0.91903,             0.91864,             0.95399,             0.63937,            0.024608,            0.015242,          0.00040975,            0.009352,            0.009352,            0.009352
                  74,            0.024378,             0.01127,           0.0008063,             0.93269,             0.95543,             0.95618,             0.62919,             0.02484,            0.016589,          0.00047581,            0.009343,            0.009343,            0.009343
                  75,            0.024142,            0.011346,          0.00085953,             0.92648,             0.95202,             0.97663,             0.65406,            0.024419,            0.015627,          0.00032305,            0.009334,            0.009334,            0.009334
                  76,            0.024559,            0.011458,           0.0007692,             0.96142,             0.94768,             0.97495,             0.63435,            0.025003,            0.015667,          0.00034697,            0.009325,            0.009325,            0.009325
                  77,            0.024548,            0.011513,          0.00078198,             0.93385,             0.94809,             0.96536,             0.62969,            0.024077,            0.016014,          0.00066372,            0.009316,            0.009316,            0.009316
                  78,            0.024142,            0.011346,           0.0007059,             0.95406,             0.93477,              0.9369,             0.65234,            0.023546,             0.01655,          0.00058559,            0.009307,            0.009307,            0.009307
                  79,            0.023957,            0.011388,          0.00073401,             0.96238,             0.93834,             0.97332,               0.664,            0.024691,            0.015978,          0.00037679,            0.009298,            0.009298,            0.009298
                  80,            0.024234,            0.011152,          0.00075411,             0.98563,             0.94386,             0.98803,              0.6669,            0.024154,            0.016391,          0.00040926,            0.009289,            0.009289,            0.009289
                  81,             0.02401,             0.01129,          0.00083156,             0.93496,             0.91035,             0.96073,             0.63975,            0.025162,            0.015104,          0.00091266,             0.00928,             0.00928,             0.00928
                  82,             0.02367,            0.011229,             0.00077,             0.93842,             0.94712,             0.96126,             0.65242,            0.024566,            0.015371,          0.00056706,            0.009271,            0.009271,            0.009271
                  83,            0.023818,            0.011156,          0.00073419,             0.97066,             0.93461,             0.96943,             0.65307,            0.023751,            0.015564,          0.00040392,            0.009262,            0.009262,            0.009262
                  84,            0.023827,            0.011034,          0.00074561,             0.93409,             0.94966,             0.93561,             0.63866,            0.023591,            0.014774,          0.00085706,            0.009253,            0.009253,            0.009253
                  85,            0.023451,            0.011051,          0.00071074,             0.96627,             0.92803,             0.95414,             0.63692,            0.023326,            0.015638,          0.00064879,            0.009244,            0.009244,            0.009244
                  86,            0.023171,             0.01108,          0.00066929,             0.97505,             0.95519,             0.97938,             0.66368,            0.023151,            0.015024,          0.00046291,            0.009235,            0.009235,            0.009235
                  87,             0.02356,            0.011032,          0.00071727,              0.9906,             0.96785,             0.98568,             0.65908,            0.023821,            0.015212,          0.00075287,            0.009226,            0.009226,            0.009226
                  88,            0.023344,            0.011005,          0.00067891,             0.96047,             0.92424,              0.9507,             0.63801,            0.023835,             0.01631,           0.0004892,            0.009217,            0.009217,            0.009217
                  89,            0.023767,            0.011063,          0.00067782,             0.94105,             0.94417,             0.94241,             0.65977,            0.022527,            0.014724,          0.00056429,            0.009208,            0.009208,            0.009208
                  90,            0.023689,            0.011218,          0.00066802,             0.89207,             0.90729,             0.94005,              0.6621,            0.023677,            0.014857,          0.00080583,            0.009199,            0.009199,            0.009199
                  91,            0.024266,            0.011248,          0.00070193,             0.93185,             0.90089,             0.92563,             0.65656,             0.02342,            0.015461,          0.00093043,             0.00919,             0.00919,             0.00919
                  92,            0.024105,            0.011114,          0.00076677,             0.92572,             0.95102,             0.97194,             0.65336,            0.024058,            0.014994,          0.00060972,            0.009181,            0.009181,            0.009181
                  93,            0.023801,            0.011089,          0.00068121,             0.97155,             0.88532,             0.97104,             0.65629,            0.024058,            0.015897,          0.00057378,            0.009172,            0.009172,            0.009172
                  94,            0.023502,            0.010875,          0.00088062,              0.9391,             0.97261,             0.96788,             0.66163,            0.023043,            0.014482,          0.00058227,            0.009163,            0.009163,            0.009163
                  95,            0.023227,            0.010859,          0.00069686,             0.99046,             0.96601,             0.97923,             0.68521,            0.022295,            0.014611,          0.00063828,            0.009154,            0.009154,            0.009154
                  96,            0.022636,            0.010732,          0.00079346,             0.95364,             0.96996,             0.97752,             0.68885,            0.022325,             0.01473,          0.00055813,            0.009145,            0.009145,            0.009145
                  97,            0.022755,            0.010659,          0.00072313,              0.9492,             0.94356,             0.94652,             0.67736,            0.021715,            0.014463,          0.00061645,            0.009136,            0.009136,            0.009136
                  98,            0.022706,            0.010741,          0.00068482,             0.95574,             0.97348,             0.98178,             0.69613,            0.022598,            0.014565,          0.00063369,            0.009127,            0.009127,            0.009127
                  99,            0.023585,            0.010912,          0.00080894,             0.91648,             0.90561,              0.9499,             0.66639,            0.022864,            0.014395,          0.00086473,            0.009118,            0.009118,            0.009118
                 100,            0.023443,            0.010839,          0.00072576,             0.95145,             0.95058,             0.97115,             0.69123,             0.02212,            0.013898,          0.00066797,            0.009109,            0.009109,            0.009109
                 101,            0.023021,             0.01068,          0.00076045,             0.93314,             0.93164,             0.95808,             0.65106,            0.022954,             0.01513,          0.00058163,              0.0091,              0.0091,              0.0091
                 102,             0.02243,            0.010656,           0.0005962,             0.94656,             0.91688,              0.9425,             0.66425,            0.021968,            0.013687,          0.00088405,            0.009091,            0.009091,            0.009091
                 103,            0.022359,            0.010484,          0.00074662,             0.97231,             0.92633,             0.96228,              0.6924,            0.022058,            0.013431,          0.00045476,            0.009082,            0.009082,            0.009082
                 104,            0.022334,            0.010464,           0.0006916,             0.92573,             0.95089,             0.96126,             0.67179,            0.021238,            0.013319,          0.00063889,            0.009073,            0.009073,            0.009073
                 105,            0.022642,             0.01063,          0.00075256,             0.95503,             0.93182,             0.97721,             0.69155,            0.021655,             0.01393,          0.00040608,            0.009064,            0.009064,            0.009064
                 106,            0.022631,             0.01055,          0.00071104,             0.95009,              0.9311,             0.96575,             0.68112,            0.022092,            0.013878,          0.00062548,            0.009055,            0.009055,            0.009055
                 107,            0.022766,            0.010437,          0.00065393,             0.96471,             0.97105,             0.98265,             0.67725,            0.021778,            0.013249,          0.00059444,            0.009046,            0.009046,            0.009046
                 108,            0.022852,             0.01046,          0.00060995,             0.97091,             0.95847,             0.96905,             0.66554,            0.022185,            0.013651,           0.0004699,            0.009037,            0.009037,            0.009037
                 109,            0.022314,            0.010412,          0.00062241,             0.95734,             0.96492,             0.98384,               0.681,            0.021922,             0.01396,          0.00082941,            0.009028,            0.009028,            0.009028
                 110,            0.022019,             0.01043,          0.00068979,             0.95169,             0.97096,             0.97715,             0.70196,            0.020713,            0.013476,          0.00045074,            0.009019,            0.009019,            0.009019
                 111,            0.021618,            0.010377,          0.00063264,             0.99095,             0.97275,             0.98865,             0.67893,            0.021376,            0.013999,          0.00049245,             0.00901,             0.00901,             0.00901
                 112,             0.02197,            0.010418,          0.00070016,             0.94777,             0.94683,             0.96421,             0.69512,            0.021597,            0.013829,          0.00044297,            0.009001,            0.009001,            0.009001
                 113,            0.022262,            0.010502,          0.00062331,             0.95406,             0.98048,             0.98582,             0.69325,            0.020807,            0.013583,          0.00063192,            0.008992,            0.008992,            0.008992
                 114,            0.022188,            0.010296,          0.00059331,             0.96173,              0.9603,             0.98441,             0.68962,            0.020684,            0.013882,          0.00062129,            0.008983,            0.008983,            0.008983
                 115,            0.021991,            0.010236,          0.00058743,             0.96749,             0.93727,             0.96137,             0.68602,            0.021653,            0.013713,          0.00053747,            0.008974,            0.008974,            0.008974
                 116,            0.022051,            0.010263,          0.00072894,             0.96234,             0.93051,             0.97247,             0.69797,             0.02078,            0.013532,          0.00067656,            0.008965,            0.008965,            0.008965
                 117,            0.022334,            0.010439,          0.00078382,             0.97825,             0.96283,             0.97604,             0.70997,            0.020801,            0.013524,          0.00058122,            0.008956,            0.008956,            0.008956
                 118,             0.02261,            0.010785,          0.00070585,             0.96974,             0.95012,             0.98365,             0.69139,            0.021639,            0.013475,          0.00051991,            0.008947,            0.008947,            0.008947
                 119,            0.022172,            0.010408,          0.00067291,             0.96122,             0.92723,             0.96694,             0.69035,            0.021289,            0.013496,          0.00058245,            0.008938,            0.008938,            0.008938
                 120,            0.021881,            0.010372,          0.00065563,             0.96228,             0.95524,             0.97351,              0.6904,             0.02138,            0.013636,          0.00057754,            0.008929,            0.008929,            0.008929
                 121,            0.021989,            0.010323,          0.00069471,             0.93039,             0.95734,              0.9709,             0.71079,            0.020155,            0.013354,          0.00055804,             0.00892,             0.00892,             0.00892
                 122,            0.021675,            0.010191,          0.00064205,              0.9474,             0.95485,              0.9542,              0.7009,            0.020089,            0.013256,          0.00048091,            0.008911,            0.008911,            0.008911
                 123,            0.021746,              0.0101,          0.00063355,             0.87652,             0.97566,              0.9567,             0.68957,            0.021158,            0.012987,          0.00064223,            0.008902,            0.008902,            0.008902
                 124,            0.021744,            0.010158,          0.00062619,             0.93079,             0.96504,             0.96762,             0.70958,            0.021083,            0.013188,          0.00058026,            0.008893,            0.008893,            0.008893
                 125,            0.021796,            0.010171,          0.00067196,             0.96815,             0.95132,             0.98159,             0.71621,            0.020717,            0.013086,          0.00055493,            0.008884,            0.008884,            0.008884
                 126,            0.021662,            0.010155,          0.00069576,             0.94999,             0.97002,             0.97062,             0.71925,            0.020442,            0.012749,          0.00045563,            0.008875,            0.008875,            0.008875
                 127,            0.021195,            0.010015,          0.00065088,             0.98302,             0.96669,             0.98165,             0.70302,            0.020039,             0.01337,          0.00050245,            0.008866,            0.008866,            0.008866
                 128,            0.021705,            0.010049,          0.00073019,              0.9636,             0.94041,             0.95226,             0.69637,            0.020152,            0.012532,          0.00039781,            0.008857,            0.008857,            0.008857
                 129,            0.021519,            0.010105,          0.00066116,             0.95729,             0.93949,              0.9663,             0.73245,            0.019909,            0.012501,          0.00054814,            0.008848,            0.008848,            0.008848
                 130,             0.02138,            0.010092,          0.00059882,             0.96535,             0.98179,             0.98723,              0.7282,            0.020375,            0.012751,          0.00059864,            0.008839,            0.008839,            0.008839
                 131,              0.0217,            0.010131,          0.00062277,             0.96659,             0.96717,             0.98861,             0.72375,            0.020399,            0.013382,          0.00053225,             0.00883,             0.00883,             0.00883
                 132,            0.022205,             0.01004,          0.00069367,             0.95356,             0.97941,             0.98607,              0.7276,            0.020178,            0.012808,          0.00080494,            0.008821,            0.008821,            0.008821
                 133,            0.022011,            0.010225,           0.0007467,             0.93996,             0.96338,             0.96431,             0.68608,            0.021002,            0.012623,          0.00046176,            0.008812,            0.008812,            0.008812
                 134,            0.021865,            0.010155,          0.00059983,             0.96462,             0.97475,             0.97463,             0.71172,            0.019755,            0.012412,          0.00057245,            0.008803,            0.008803,            0.008803
                 135,            0.021764,            0.010036,          0.00063669,             0.93248,             0.96086,             0.96173,             0.71941,            0.020762,            0.012819,          0.00063326,            0.008794,            0.008794,            0.008794
                 136,            0.021564,            0.010029,          0.00061038,             0.97503,             0.97222,             0.97444,              0.7155,            0.020646,            0.012451,          0.00054643,            0.008785,            0.008785,            0.008785
                 137,            0.021501,             0.01003,          0.00063636,              0.9663,             0.97379,             0.96649,             0.70418,            0.019887,            0.012416,          0.00056563,            0.008776,            0.008776,            0.008776
                 138,            0.021378,            0.010025,          0.00059618,             0.93309,             0.98606,             0.97954,             0.71629,            0.020653,            0.012664,          0.00057871,            0.008767,            0.008767,            0.008767
                 139,            0.020766,           0.0097427,          0.00055606,              0.9784,             0.97475,              0.9865,             0.72581,            0.019115,            0.012442,           0.0005158,            0.008758,            0.008758,            0.008758
                 140,            0.021042,           0.0098471,          0.00059704,             0.95543,             0.96644,             0.96631,             0.71692,            0.019779,            0.012229,          0.00076475,            0.008749,            0.008749,            0.008749
                 141,            0.021011,           0.0097964,          0.00063301,             0.97366,             0.95068,             0.97758,             0.67801,            0.020211,            0.012659,          0.00058108,             0.00874,             0.00874,             0.00874
                 142,            0.020539,           0.0098258,          0.00065762,             0.95328,             0.95707,             0.95859,             0.72812,            0.018525,              0.0119,          0.00057824,            0.008731,            0.008731,            0.008731
                 143,            0.020733,           0.0097163,          0.00061907,             0.97559,             0.95449,             0.98426,             0.71815,            0.019452,            0.012045,          0.00049108,            0.008722,            0.008722,            0.008722
                 144,            0.021042,            0.009908,          0.00065146,             0.97864,             0.96555,             0.96892,             0.70594,            0.019953,            0.012478,            0.000554,            0.008713,            0.008713,            0.008713
                 145,              0.0213,           0.0099116,          0.00060454,             0.93024,             0.97475,             0.95614,             0.68673,            0.019538,            0.012224,          0.00051662,            0.008704,            0.008704,            0.008704
                 146,            0.021008,           0.0098681,          0.00053815,             0.95998,             0.98804,             0.96615,             0.73048,            0.019113,            0.012195,          0.00054117,            0.008695,            0.008695,            0.008695
                 147,            0.021278,           0.0099809,           0.0006983,             0.97254,             0.92839,             0.96546,             0.72503,            0.019728,            0.012497,           0.0015668,            0.008686,            0.008686,            0.008686
                 148,            0.020914,            0.010031,           0.0006407,             0.96926,              0.9596,             0.98156,             0.71202,            0.019159,            0.011862,          0.00062217,            0.008677,            0.008677,            0.008677
                 149,            0.021042,             0.01003,          0.00056235,             0.93584,             0.96086,              0.9632,             0.71978,            0.019499,            0.012205,          0.00046323,            0.008668,            0.008668,            0.008668
                 150,            0.020874,           0.0098737,          0.00061644,             0.97125,             0.96899,              0.9718,             0.70848,            0.019664,             0.01216,          0.00056356,            0.008659,            0.008659,            0.008659
                 151,            0.021039,           0.0098557,          0.00052943,             0.96814,             0.97732,             0.98785,             0.71797,            0.020023,             0.01229,          0.00055817,             0.00865,             0.00865,             0.00865
                 152,            0.021313,            0.009848,          0.00079983,             0.94913,             0.93565,             0.97367,             0.74332,            0.019499,            0.012178,          0.00058351,            0.008641,            0.008641,            0.008641
                 153,            0.020648,           0.0097808,          0.00062509,             0.97832,              0.9816,             0.99088,             0.73136,            0.018892,            0.012079,          0.00064576,            0.008632,            0.008632,            0.008632
                 154,             0.02066,            0.009648,          0.00055595,             0.96636,             0.98215,             0.98498,             0.73619,            0.019432,            0.012177,          0.00076527,            0.008623,            0.008623,            0.008623
                 155,            0.020461,           0.0095015,          0.00061654,             0.98454,             0.97738,              0.9863,             0.74378,            0.018456,            0.011719,          0.00059141,            0.008614,            0.008614,            0.008614
                 156,            0.020506,           0.0095311,          0.00066922,             0.93045,             0.95707,             0.96718,             0.73552,            0.018325,            0.011899,           0.0005002,            0.008605,            0.008605,            0.008605
                 157,            0.020669,           0.0095536,          0.00053795,             0.97751,             0.97619,             0.97297,             0.73577,            0.018053,            0.011364,          0.00076985,            0.008596,            0.008596,            0.008596
                 158,            0.020071,           0.0094825,          0.00049242,              0.9783,             0.94949,             0.98425,             0.75269,             0.01765,            0.011591,          0.00052315,            0.008587,            0.008587,            0.008587
                 159,            0.020136,           0.0094312,          0.00057021,             0.99341,             0.98428,             0.98994,             0.75355,            0.017845,            0.011289,           0.0004588,            0.008578,            0.008578,            0.008578
                 160,            0.020064,           0.0094193,          0.00060923,             0.95572,             0.97854,             0.97103,             0.74221,             0.01793,            0.011383,          0.00049272,            0.008569,            0.008569,            0.008569
                 161,            0.020779,           0.0095407,          0.00071695,             0.98169,             0.97852,             0.98946,             0.73582,            0.018186,            0.011519,           0.0004447,             0.00856,             0.00856,             0.00856
                 162,            0.020582,           0.0095682,          0.00061891,             0.97928,             0.98169,             0.98619,             0.73935,            0.018217,            0.011862,           0.0003366,            0.008551,            0.008551,            0.008551
                 163,            0.020807,            0.009765,           0.0006179,             0.94784,             0.92109,             0.96293,               0.729,            0.018306,            0.012058,          0.00051821,            0.008542,            0.008542,            0.008542
                 164,            0.020956,           0.0098209,          0.00065303,             0.94792,             0.97096,             0.95741,             0.71687,            0.019294,            0.012067,          0.00060514,            0.008533,            0.008533,            0.008533
                 165,            0.021106,           0.0099966,          0.00077979,             0.93049,             0.95328,             0.93334,             0.69971,            0.019391,            0.011729,          0.00043086,            0.008524,            0.008524,            0.008524
                 166,            0.020478,            0.009685,          0.00063275,             0.95843,             0.95574,             0.96683,             0.74076,            0.018392,            0.011519,          0.00052841,            0.008515,            0.008515,            0.008515
                 167,            0.020361,           0.0094683,           0.0005885,             0.98194,             0.98485,             0.98813,             0.74168,            0.018352,            0.011784,          0.00059644,            0.008506,            0.008506,            0.008506
                 168,             0.02055,           0.0095285,          0.00063622,             0.95544,             0.97854,             0.97517,             0.73841,            0.018283,            0.011517,          0.00054749,            0.008497,            0.008497,            0.008497
                 169,            0.020134,           0.0093894,          0.00058001,             0.96539,             0.96995,              0.9805,             0.77427,            0.017507,            0.011479,          0.00049882,            0.008488,            0.008488,            0.008488
                 170,            0.019561,           0.0093492,          0.00058629,             0.97041,             0.96755,             0.97536,             0.73497,            0.017738,             0.01135,          0.00072073,            0.008479,            0.008479,            0.008479
                 171,            0.019754,           0.0092816,          0.00056969,             0.98279,             0.98296,               0.988,             0.76375,            0.017443,            0.010998,          0.00058734,             0.00847,             0.00847,             0.00847
                 172,            0.020043,           0.0093222,          0.00053838,             0.95219,             0.93694,             0.95945,             0.75127,            0.017948,            0.011464,          0.00043803,            0.008461,            0.008461,            0.008461
                 173,            0.020165,           0.0093988,          0.00058421,             0.97631,             0.96875,             0.98786,             0.75596,            0.018138,            0.011705,          0.00039039,            0.008452,            0.008452,            0.008452
                 174,            0.019952,           0.0094314,          0.00054832,             0.96255,             0.97659,             0.97989,             0.74982,            0.018071,            0.011593,          0.00039301,            0.008443,            0.008443,            0.008443
                 175,             0.02077,           0.0095331,          0.00053814,             0.97759,             0.98886,             0.98442,             0.75039,            0.018641,            0.011544,          0.00048833,            0.008434,            0.008434,            0.008434
                 176,             0.02027,           0.0096134,          0.00060069,             0.97189,              0.9857,             0.98582,              0.7581,            0.018303,            0.011656,          0.00038343,            0.008425,            0.008425,            0.008425
                 177,            0.020047,           0.0094614,          0.00049596,             0.97855,             0.95946,             0.97372,             0.74776,            0.017464,            0.011304,          0.00049142,            0.008416,            0.008416,            0.008416
                 178,            0.019503,           0.0091573,          0.00056207,              0.9757,             0.98416,             0.98619,             0.77296,            0.017206,            0.011054,           0.0005333,            0.008407,            0.008407,            0.008407
                 179,            0.019857,           0.0092844,          0.00061103,             0.97997,             0.97727,             0.98854,             0.76903,            0.017333,            0.011024,          0.00058589,            0.008398,            0.008398,            0.008398
                 180,            0.019656,           0.0094217,           0.0005088,             0.97248,             0.97854,             0.97436,             0.73933,            0.018651,              0.0114,          0.00055933,            0.008389,            0.008389,            0.008389
                 181,            0.019904,           0.0093583,          0.00057105,             0.97612,             0.98745,             0.98942,              0.7495,            0.017548,            0.011192,          0.00047898,             0.00838,             0.00838,             0.00838
                 182,            0.020178,           0.0094501,          0.00056255,             0.97736,             0.99242,              0.9876,             0.76237,            0.017594,            0.011192,          0.00048127,            0.008371,            0.008371,            0.008371
                 183,            0.020265,           0.0093656,          0.00051869,             0.96571,             0.97657,             0.97913,             0.75107,            0.017983,            0.011232,          0.00056636,            0.008362,            0.008362,            0.008362
                 184,            0.020237,           0.0092194,          0.00057826,             0.98733,             0.98485,             0.98821,             0.76129,            0.017578,            0.010908,          0.00042615,            0.008353,            0.008353,            0.008353
                 185,            0.019861,           0.0093602,          0.00055532,             0.97922,              0.9469,             0.96327,             0.75938,            0.017294,            0.011122,          0.00059015,            0.008344,            0.008344,            0.008344
                 186,             0.01977,           0.0093705,          0.00054161,             0.97879,             0.96384,             0.96432,             0.75776,            0.017753,            0.011162,          0.00045982,            0.008335,            0.008335,            0.008335
                 187,            0.019775,            0.009284,          0.00054752,             0.99168,             0.98622,              0.9887,             0.77509,            0.017333,            0.011287,          0.00049454,            0.008326,            0.008326,            0.008326
                 188,            0.019955,           0.0094175,          0.00047875,              0.9846,             0.97118,             0.97544,             0.78071,            0.017443,            0.010726,          0.00049267,            0.008317,            0.008317,            0.008317
                 189,            0.019362,           0.0092284,           0.0005041,              0.9901,             0.98177,             0.99011,             0.78005,            0.017349,             0.01111,          0.00051727,            0.008308,            0.008308,            0.008308
                 190,            0.019528,           0.0090857,          0.00054488,             0.97435,             0.99242,             0.98456,             0.77997,            0.016652,            0.010809,          0.00045634,            0.008299,            0.008299,            0.008299
                 191,            0.019272,           0.0088938,          0.00050436,             0.97911,             0.97815,             0.98025,             0.78038,             0.01674,            0.010525,          0.00057978,             0.00829,             0.00829,             0.00829
                 192,            0.019117,           0.0089492,          0.00055056,             0.97392,             0.96935,             0.96676,             0.76874,            0.016689,            0.010521,          0.00049208,            0.008281,            0.008281,            0.008281
                 193,            0.019282,           0.0089115,          0.00059618,             0.99155,             0.98797,             0.98742,              0.7758,            0.017128,            0.010598,          0.00064944,            0.008272,            0.008272,            0.008272
                 194,            0.019787,           0.0091477,          0.00059038,             0.97576,             0.96916,             0.97513,             0.74492,            0.017722,            0.010887,          0.00058671,            0.008263,            0.008263,            0.008263
                 195,             0.01957,           0.0091458,          0.00054465,             0.97386,             0.98485,             0.98581,             0.78107,            0.016986,            0.010604,          0.00047039,            0.008254,            0.008254,            0.008254
                 196,            0.019714,           0.0092102,          0.00050708,             0.99029,             0.97475,              0.9874,             0.77068,             0.01687,            0.010714,          0.00051845,            0.008245,            0.008245,            0.008245
                 197,             0.01938,           0.0091295,          0.00060252,              0.9776,             0.98574,             0.98496,             0.76697,            0.016897,            0.010537,          0.00065839,            0.008236,            0.008236,            0.008236
                 198,            0.018947,           0.0088859,          0.00053914,             0.97591,             0.97596,             0.97015,             0.76971,             0.01625,            0.010146,          0.00060417,            0.008227,            0.008227,            0.008227
                 199,            0.018826,           0.0088058,          0.00045923,             0.99345,             0.96926,             0.97649,             0.77676,            0.016728,            0.010146,           0.0006012,            0.008218,            0.008218,            0.008218
                 200,            0.019158,           0.0087743,          0.00054342,             0.96296,             0.99242,             0.98849,               0.798,            0.015808,            0.010095,          0.00047849,            0.008209,            0.008209,            0.008209
                 201,            0.018926,           0.0089458,          0.00061248,               0.956,             0.99242,             0.98778,             0.77273,            0.016634,             0.01037,           0.0005153,              0.0082,              0.0082,              0.0082
                 202,            0.019637,           0.0089528,          0.00051935,               0.978,              0.9661,             0.97772,             0.78056,             0.01711,            0.010508,          0.00049484,            0.008191,            0.008191,            0.008191
                 203,            0.019262,           0.0090429,          0.00058051,             0.96427,             0.97684,             0.98663,             0.77475,            0.016636,             0.01057,          0.00052048,            0.008182,            0.008182,            0.008182
                 204,            0.019199,           0.0090858,          0.00067216,             0.98575,              0.9657,             0.98594,             0.79354,            0.016519,            0.010245,          0.00076893,            0.008173,            0.008173,            0.008173
                 205,            0.019077,           0.0089661,          0.00053049,             0.97181,             0.95328,             0.96819,             0.76383,            0.016689,            0.010574,          0.00075931,            0.008164,            0.008164,            0.008164
                 206,            0.018957,           0.0088127,          0.00049048,             0.97597,             0.98044,             0.98708,             0.77895,            0.015877,             0.01054,          0.00050032,            0.008155,            0.008155,            0.008155
                 207,            0.018705,           0.0088006,          0.00051735,             0.98911,              0.9856,             0.99102,             0.79451,            0.016127,            0.010087,          0.00040932,            0.008146,            0.008146,            0.008146
                 208,            0.018804,           0.0088677,          0.00051514,             0.98497,             0.98864,             0.98785,             0.77272,            0.016463,            0.010241,           0.0010034,            0.008137,            0.008137,            0.008137
                 209,            0.018969,           0.0087506,          0.00053254,             0.97843,             0.97096,             0.97961,              0.7862,             0.01626,            0.010247,          0.00060903,            0.008128,            0.008128,            0.008128
                 210,            0.018582,           0.0087713,          0.00053453,             0.97377,             0.98634,             0.98428,             0.79561,            0.015755,             0.00995,          0.00089958,            0.008119,            0.008119,            0.008119
                 211,            0.019062,           0.0088053,          0.00045337,             0.97602,             0.98864,             0.98884,             0.78872,            0.016522,            0.010382,          0.00060486,             0.00811,             0.00811,             0.00811
                 212,            0.018775,           0.0088182,          0.00046405,             0.97552,             0.98896,             0.99116,             0.79344,            0.016499,            0.010165,          0.00049806,            0.008101,            0.008101,            0.008101
                 213,            0.018741,           0.0087148,          0.00048005,             0.98865,             0.98338,             0.98842,             0.78242,            0.016249,            0.010055,          0.00054624,            0.008092,            0.008092,            0.008092
                 214,             0.01885,           0.0086998,          0.00048181,             0.98787,             0.98818,             0.98825,              0.7666,            0.016592,            0.010365,          0.00045128,            0.008083,            0.008083,            0.008083
                 215,            0.018886,           0.0087597,          0.00058068,             0.95488,             0.96206,              0.9793,             0.78398,            0.016212,           0.0099184,          0.00051685,            0.008074,            0.008074,            0.008074
                 216,            0.018754,           0.0087761,           0.0004932,             0.97382,             0.97475,             0.97954,             0.79008,            0.016111,           0.0099464,          0.00048323,            0.008065,            0.008065,            0.008065
                 217,            0.018917,           0.0087148,          0.00051753,             0.97228,             0.97238,             0.98179,             0.78012,            0.016666,             0.01021,           0.0010097,            0.008056,            0.008056,            0.008056
                 218,            0.018668,           0.0087006,          0.00055742,             0.98354,             0.98822,             0.99115,              0.7982,            0.015922,           0.0098654,          0.00046616,            0.008047,            0.008047,            0.008047
                 219,            0.018913,            0.008771,          0.00054245,             0.98491,             0.97618,             0.98679,             0.77931,            0.016106,           0.0097256,           0.0004489,            0.008038,            0.008038,            0.008038
                 220,            0.018391,           0.0086965,          0.00054573,             0.97336,             0.96834,             0.98017,             0.79214,            0.016141,           0.0099797,          0.00048873,            0.008029,            0.008029,            0.008029
                 221,            0.018558,           0.0086817,          0.00045606,              0.9808,             0.99242,              0.9894,             0.79386,            0.016037,            0.010012,          0.00053076,             0.00802,             0.00802,             0.00802
                 222,            0.018578,            0.008586,          0.00046935,             0.98793,             0.99133,              0.9892,             0.79121,            0.015449,           0.0098265,          0.00047492,            0.008011,            0.008011,            0.008011
                 223,             0.01892,           0.0085236,          0.00063201,             0.98545,             0.98983,             0.98949,             0.80204,            0.016087,           0.0096493,          0.00048303,            0.008002,            0.008002,            0.008002
                 224,            0.019211,           0.0086662,          0.00057353,             0.98523,             0.99086,             0.98862,             0.79171,            0.015816,           0.0096879,          0.00044944,            0.007993,            0.007993,            0.007993
                 225,            0.019378,           0.0087934,          0.00051084,             0.98377,              0.9793,             0.98909,             0.78719,            0.016275,           0.0099997,          0.00072142,            0.007984,            0.007984,            0.007984
                 226,            0.019277,           0.0087225,          0.00049795,             0.98168,             0.97901,             0.98651,             0.78472,            0.016272,           0.0099862,          0.00092527,            0.007975,            0.007975,            0.007975
                 227,            0.019058,           0.0088214,          0.00052447,             0.95916,             0.97475,              0.9666,             0.77148,            0.016312,           0.0099823,          0.00093799,            0.007966,            0.007966,            0.007966
                 228,            0.018364,           0.0086711,          0.00058139,             0.97614,             0.97096,             0.97849,             0.79295,            0.015398,           0.0097255,          0.00039054,            0.007957,            0.007957,            0.007957
                 229,            0.018579,           0.0087089,          0.00055962,             0.97741,             0.98864,             0.98822,             0.82468,            0.015194,           0.0097413,          0.00040445,            0.007948,            0.007948,            0.007948
                 230,            0.018555,           0.0086126,          0.00048665,             0.95801,             0.98703,             0.97212,             0.79875,            0.015191,           0.0097612,          0.00057454,            0.007939,            0.007939,            0.007939
                 231,            0.018458,           0.0086245,          0.00051786,             0.98904,              0.9906,             0.98958,             0.79264,            0.015282,           0.0095937,           0.0006085,             0.00793,             0.00793,             0.00793
                 232,            0.018287,           0.0088409,          0.00049625,             0.98213,             0.98234,             0.98687,             0.78467,            0.015846,            0.009835,          0.00087366,            0.007921,            0.007921,            0.007921
                 233,            0.018549,           0.0088021,          0.00042662,              0.9713,             0.98561,             0.98993,             0.79135,            0.015586,           0.0096958,          0.00051337,            0.007912,            0.007912,            0.007912
                 234,            0.018173,           0.0086207,          0.00052918,             0.99124,             0.99084,             0.98897,             0.80054,            0.015361,            0.010011,          0.00045024,            0.007903,            0.007903,            0.007903
                 235,            0.018149,            0.008393,          0.00046871,             0.98318,             0.99242,              0.9884,             0.79336,            0.015479,           0.0096923,          0.00052894,            0.007894,            0.007894,            0.007894
                 236,            0.018103,           0.0084134,            0.000487,             0.98798,             0.98699,             0.98922,              0.7993,            0.015139,           0.0095217,          0.00055379,            0.007885,            0.007885,            0.007885
                 237,            0.017776,            0.008304,          0.00049383,             0.99096,             0.99203,             0.98915,             0.80367,            0.015491,            0.009363,          0.00039929,            0.007876,            0.007876,            0.007876
                 238,            0.018496,           0.0084285,           0.0004506,             0.98574,             0.99134,             0.98776,             0.80492,            0.015229,           0.0091979,          0.00037236,            0.007867,            0.007867,            0.007867
                 239,            0.018503,           0.0084883,          0.00044604,             0.98923,             0.98958,             0.99092,             0.81353,            0.015113,           0.0091597,          0.00038939,            0.007858,            0.007858,            0.007858
                 240,            0.018222,           0.0084268,          0.00045655,             0.98216,             0.98666,             0.98792,             0.80177,            0.015043,           0.0093751,          0.00045071,            0.007849,            0.007849,            0.007849
                 241,            0.018252,           0.0085228,          0.00054075,             0.98321,             0.98203,             0.98516,             0.79501,            0.015453,           0.0095992,           0.0010244,             0.00784,             0.00784,             0.00784
                 242,            0.018447,           0.0084515,          0.00047664,             0.99153,             0.96711,              0.9877,             0.81597,            0.015144,           0.0092729,           0.0010572,            0.007831,            0.007831,            0.007831
                 243,            0.018603,           0.0084617,          0.00044952,             0.97943,             0.99015,             0.98871,             0.81205,             0.01528,           0.0094598,          0.00048998,            0.007822,            0.007822,            0.007822
                 244,            0.018192,           0.0084213,          0.00041211,             0.98727,             0.98864,             0.98918,             0.82254,            0.014847,           0.0092579,          0.00053881,            0.007813,            0.007813,            0.007813
                 245,             0.01822,           0.0083573,          0.00047484,             0.97985,             0.98485,             0.98798,             0.81232,            0.015042,           0.0091342,           0.0013186,            0.007804,            0.007804,            0.007804
                 246,            0.018111,           0.0082951,           0.0004362,             0.98311,             0.98864,             0.98874,             0.81373,            0.014544,           0.0092284,           0.0004896,            0.007795,            0.007795,            0.007795
                 247,            0.017946,           0.0083736,          0.00040423,             0.99156,             0.98485,             0.98891,             0.81269,            0.015176,           0.0093299,          0.00050756,            0.007786,            0.007786,            0.007786
                 248,            0.018662,           0.0085763,          0.00058069,             0.98536,             0.99221,             0.98841,              0.8053,             0.01571,           0.0096576,          0.00040007,            0.007777,            0.007777,            0.007777
                 249,            0.018396,           0.0086256,          0.00046325,             0.99083,             0.98057,             0.98862,             0.80777,            0.015299,           0.0094238,          0.00037644,            0.007768,            0.007768,            0.007768
                 250,            0.018193,           0.0085589,          0.00040496,             0.97103,             0.97071,             0.97461,             0.78322,            0.015569,           0.0095351,          0.00044569,            0.007759,            0.007759,            0.007759
                 251,            0.018264,           0.0084286,          0.00043478,             0.98038,             0.99242,             0.98799,             0.79783,             0.01513,           0.0094257,          0.00048447,             0.00775,             0.00775,             0.00775
                 252,            0.017906,           0.0081965,          0.00040661,             0.98087,             0.98251,             0.98858,             0.81681,             0.01505,           0.0090138,          0.00045339,            0.007741,            0.007741,            0.007741
                 253,            0.017764,           0.0082048,          0.00048013,              0.9875,             0.99242,             0.99054,             0.82732,            0.015029,           0.0091447,          0.00042289,            0.007732,            0.007732,            0.007732
                 254,            0.017822,           0.0081695,          0.00043862,             0.98415,             0.99242,             0.98839,             0.80648,            0.015072,           0.0089235,          0.00038867,            0.007723,            0.007723,            0.007723
                 255,            0.017829,           0.0080937,          0.00042282,              0.9801,             0.98864,              0.9904,             0.80524,             0.01483,           0.0090646,          0.00039569,            0.007714,            0.007714,            0.007714
                 256,            0.018466,           0.0083865,          0.00044277,             0.98613,             0.99242,             0.99056,             0.80952,             0.01497,           0.0089586,          0.00043416,            0.007705,            0.007705,            0.007705
                 257,             0.01813,           0.0084286,          0.00048821,             0.97815,              0.9878,             0.98874,             0.81246,            0.015215,           0.0091443,          0.00049988,            0.007696,            0.007696,            0.007696
                 258,            0.018174,           0.0082278,          0.00038923,             0.98542,             0.99242,             0.98925,             0.80521,            0.015095,           0.0090403,          0.00056286,            0.007687,            0.007687,            0.007687
                 259,            0.017663,           0.0081524,          0.00045213,             0.98499,             0.99074,             0.98842,             0.80686,            0.015091,           0.0089583,           0.0004812,            0.007678,            0.007678,            0.007678
                 260,            0.017674,           0.0081748,            0.000405,             0.98749,             0.98613,             0.98774,              0.8154,            0.014799,           0.0090131,          0.00053361,            0.007669,            0.007669,            0.007669
                 261,            0.017759,           0.0081444,          0.00037357,             0.98781,              0.9867,             0.98846,             0.82348,            0.014765,           0.0088168,          0.00052918,             0.00766,             0.00766,             0.00766
                 262,            0.017575,           0.0081109,          0.00049605,             0.98321,             0.98999,             0.98808,              0.8267,            0.015109,           0.0087658,          0.00058215,            0.007651,            0.007651,            0.007651
                 263,             0.01745,           0.0081821,          0.00045581,             0.97281,             0.98779,              0.9846,             0.82288,            0.014885,           0.0091146,           0.0010323,            0.007642,            0.007642,            0.007642
                 264,            0.017638,           0.0080422,          0.00056836,             0.98826,             0.99093,             0.98854,             0.82569,            0.014549,           0.0088011,          0.00058088,            0.007633,            0.007633,            0.007633
                 265,            0.017552,           0.0080989,          0.00040107,             0.98705,             0.97853,             0.98836,             0.82398,            0.015035,            0.008982,             0.00075,            0.007624,            0.007624,            0.007624
                 266,            0.017627,            0.008075,          0.00041693,             0.98634,             0.98639,             0.98775,             0.82919,            0.014833,           0.0088117,          0.00054318,            0.007615,            0.007615,            0.007615
                 267,            0.017092,           0.0079852,          0.00045753,             0.98105,             0.98406,             0.98921,             0.83091,            0.014326,           0.0088185,          0.00045624,            0.007606,            0.007606,            0.007606
                 268,            0.017139,           0.0081308,          0.00039684,             0.98636,             0.98723,             0.98738,              0.8231,            0.014613,           0.0088277,          0.00089836,            0.007597,            0.007597,            0.007597
                 269,            0.018629,           0.0083761,          0.00048102,             0.97125,             0.97475,             0.97904,             0.81309,            0.014506,           0.0084971,          0.00048122,            0.007588,            0.007588,            0.007588
                 270,            0.017741,           0.0082732,          0.00045687,             0.98669,             0.98888,             0.98848,             0.82114,            0.014494,           0.0087582,          0.00048173,            0.007579,            0.007579,            0.007579
                 271,            0.017803,           0.0081785,          0.00046862,             0.98633,             0.98888,             0.98889,             0.83172,            0.014441,           0.0087229,          0.00070744,             0.00757,             0.00757,             0.00757
                 272,            0.018138,           0.0082002,            0.000435,             0.99303,             0.98466,             0.98825,             0.78408,            0.016498,           0.0091788,          0.00053409,            0.007561,            0.007561,            0.007561
                 273,            0.018012,            0.008202,          0.00040312,             0.97986,             0.99043,             0.98841,             0.81889,             0.01494,           0.0087115,          0.00045526,            0.007552,            0.007552,            0.007552
                 274,             0.01771,           0.0080449,          0.00042312,             0.98984,             0.98943,             0.98995,             0.82406,            0.014384,           0.0085059,           0.0005237,            0.007543,            0.007543,            0.007543
                 275,            0.017393,           0.0079496,          0.00044233,             0.98161,             0.98864,             0.98797,             0.81977,            0.014546,           0.0085282,          0.00047947,            0.007534,            0.007534,            0.007534
                 276,            0.017306,           0.0080261,          0.00039696,              0.9897,             0.97061,              0.9873,             0.81664,            0.014573,           0.0085821,          0.00054654,            0.007525,            0.007525,            0.007525
                 277,             0.01708,           0.0079148,          0.00039646,              0.9821,             0.99242,             0.99009,             0.81686,            0.014036,           0.0083783,          0.00044204,            0.007516,            0.007516,            0.007516
                 278,            0.017132,           0.0078714,            0.000459,               0.981,             0.98864,             0.98845,             0.83529,            0.013725,           0.0082446,          0.00065484,            0.007507,            0.007507,            0.007507
                 279,            0.016965,            0.007868,            0.000464,             0.98909,             0.98714,             0.98838,             0.83619,            0.014066,           0.0082074,          0.00053653,            0.007498,            0.007498,            0.007498
                 280,            0.017417,           0.0078662,          0.00039262,             0.98373,             0.99242,               0.988,             0.84032,            0.014043,           0.0083001,          0.00054752,            0.007489,            0.007489,            0.007489
                 281,            0.017282,           0.0078857,          0.00046707,             0.98494,             0.98862,             0.98835,             0.81842,            0.014193,           0.0085137,          0.00063886,             0.00748,             0.00748,             0.00748
                 282,            0.017251,           0.0079395,          0.00048544,             0.98665,             0.98864,             0.98796,             0.83491,            0.014383,            0.008368,          0.00072449,            0.007471,            0.007471,            0.007471
                 283,            0.017479,           0.0080757,          0.00049659,             0.97399,             0.98802,             0.98573,             0.82301,            0.014304,           0.0084438,             0.00106,            0.007462,            0.007462,            0.007462
                 284,            0.017566,           0.0081463,          0.00040903,             0.98622,             0.98761,              0.9895,             0.81948,            0.014179,           0.0082907,          0.00046945,            0.007453,            0.007453,            0.007453
                 285,            0.017774,           0.0081464,          0.00041391,             0.98493,             0.98864,             0.98826,                0.82,            0.014357,           0.0087008,          0.00048659,            0.007444,            0.007444,            0.007444
                 286,            0.017667,           0.0081237,           0.0004622,             0.98129,             0.99242,             0.98833,             0.83001,             0.01425,           0.0086042,           0.0005129,            0.007435,            0.007435,            0.007435
                 287,            0.017715,           0.0080271,          0.00043482,             0.98495,             0.99008,             0.98827,             0.83729,            0.014003,           0.0083597,          0.00053749,            0.007426,            0.007426,            0.007426
                 288,            0.017775,           0.0079579,          0.00040748,             0.98685,             0.99242,             0.98833,             0.81599,            0.014281,           0.0087012,          0.00049886,            0.007417,            0.007417,            0.007417
                 289,            0.017154,           0.0077488,          0.00036727,             0.98081,             0.99196,              0.9907,             0.82561,            0.013384,           0.0082973,          0.00051678,            0.007408,            0.007408,            0.007408
                 290,            0.017275,           0.0077864,           0.0003733,             0.97957,             0.98815,             0.98846,             0.83829,            0.013218,            0.008257,          0.00067926,            0.007399,            0.007399,            0.007399
                 291,            0.017223,            0.007741,          0.00039115,             0.97787,             0.98985,             0.98849,             0.83154,            0.013699,           0.0083522,           0.0004667,             0.00739,             0.00739,             0.00739
                 292,            0.016603,            0.007535,          0.00039912,             0.98946,             0.98676,             0.98854,              0.8274,            0.013954,           0.0082127,          0.00049511,            0.007381,            0.007381,            0.007381
                 293,            0.016835,           0.0076282,          0.00035041,             0.98456,             0.99071,             0.98828,             0.84015,             0.01382,           0.0081015,          0.00052813,            0.007372,            0.007372,            0.007372
                 294,            0.016856,           0.0076137,          0.00043562,             0.98312,             0.99212,             0.98806,             0.83467,            0.013547,           0.0079982,          0.00044154,            0.007363,            0.007363,            0.007363
                 295,            0.016974,           0.0078591,          0.00050198,             0.98208,             0.99089,             0.98804,             0.84143,            0.013516,           0.0081135,          0.00050573,            0.007354,            0.007354,            0.007354
                 296,            0.017036,           0.0079067,          0.00039773,             0.98561,             0.97475,              0.9902,             0.82209,            0.013855,           0.0083712,          0.00073948,            0.007345,            0.007345,            0.007345
                 297,            0.017022,           0.0078271,           0.0004396,             0.98084,             0.98818,             0.99118,             0.83208,             0.01335,           0.0081432,          0.00058731,            0.007336,            0.007336,            0.007336
                 298,            0.016946,           0.0077884,          0.00043175,              0.9848,             0.98628,             0.98814,             0.83923,             0.01353,           0.0082823,           0.0004373,            0.007327,            0.007327,            0.007327
                 299,             0.01695,           0.0077177,          0.00041033,             0.98592,             0.98864,             0.98783,             0.83876,            0.013441,            0.008254,          0.00050274,            0.007318,            0.007318,            0.007318
                 300,            0.017031,           0.0077059,          0.00039533,             0.98664,             0.98786,             0.98814,             0.84192,            0.013823,           0.0081448,          0.00043408,            0.007309,            0.007309,            0.007309
                 301,            0.016556,           0.0075134,          0.00045422,             0.98681,             0.98864,             0.98816,               0.838,            0.013468,           0.0080624,          0.00047259,              0.0073,              0.0073,              0.0073
                 302,            0.016486,           0.0075456,          0.00046894,             0.98769,             0.98864,             0.98806,             0.83637,            0.013616,           0.0079884,          0.00079278,            0.007291,            0.007291,            0.007291
                 303,            0.016583,           0.0075944,           0.0004006,             0.99231,             0.98573,             0.99048,             0.84012,            0.013636,           0.0082114,          0.00070324,            0.007282,            0.007282,            0.007282
                 304,             0.01668,            0.007534,           0.0004671,             0.98839,             0.98563,             0.98918,             0.83587,            0.013847,           0.0080544,          0.00091186,            0.007273,            0.007273,            0.007273
                 305,            0.016923,           0.0075345,          0.00034852,             0.98471,             0.97438,             0.98715,             0.84371,            0.013506,           0.0079614,           0.0011451,            0.007264,            0.007264,            0.007264
                 306,            0.017121,           0.0076742,          0.00040493,             0.98235,             0.98619,             0.98795,             0.84243,            0.013243,           0.0078642,          0.00083769,            0.007255,            0.007255,            0.007255
                 307,            0.016605,           0.0075477,          0.00036785,             0.98684,             0.98306,             0.98841,              0.8336,            0.013475,           0.0080358,          0.00066204,            0.007246,            0.007246,            0.007246
                 308,             0.01634,           0.0074569,          0.00039985,             0.98238,             0.98864,             0.98783,              0.8323,            0.013608,           0.0079046,          0.00064081,            0.007237,            0.007237,            0.007237
                 309,            0.016926,           0.0076443,           0.0004157,             0.98615,               0.987,              0.9882,             0.84073,            0.013991,           0.0078259,          0.00088672,            0.007228,            0.007228,            0.007228
                 310,            0.017512,           0.0079955,          0.00044647,             0.98647,             0.98864,             0.98795,             0.83406,            0.013593,           0.0079254,          0.00088473,            0.007219,            0.007219,            0.007219
                 311,            0.017296,           0.0078849,          0.00038596,              0.9825,             0.98354,             0.99115,             0.82668,            0.013605,           0.0079257,           0.0011062,             0.00721,             0.00721,             0.00721
                 312,            0.016894,           0.0077414,          0.00034716,              0.9836,             0.98367,             0.98769,             0.83938,            0.013796,           0.0079891,           0.0011017,            0.007201,            0.007201,            0.007201
                 313,            0.016771,           0.0076187,           0.0003938,             0.98518,             0.98826,             0.98938,             0.83886,            0.013584,           0.0079145,          0.00066021,            0.007192,            0.007192,            0.007192
                 314,            0.016957,           0.0075371,          0.00038803,             0.98682,             0.98484,             0.98813,             0.83737,             0.01351,           0.0077681,           0.0009478,            0.007183,            0.007183,            0.007183
                 315,            0.016626,           0.0074555,          0.00039587,             0.98382,             0.99026,             0.98802,             0.84514,            0.013405,           0.0077294,          0.00057095,            0.007174,            0.007174,            0.007174
                 316,            0.016355,           0.0073646,          0.00038113,             0.98817,              0.9731,             0.98719,              0.8513,             0.01349,           0.0076029,          0.00097931,            0.007165,            0.007165,            0.007165
                 317,            0.016561,           0.0074163,          0.00035367,             0.98184,             0.98485,             0.98794,             0.85471,            0.013347,           0.0075058,          0.00082403,            0.007156,            0.007156,            0.007156
                 318,            0.017075,           0.0074929,          0.00038559,               0.983,             0.98864,             0.98791,             0.84891,            0.012879,           0.0073941,          0.00066289,            0.007147,            0.007147,            0.007147
